{
   "AllObject": 3,
   "SetObjects": [
      {
         "idx": 0,
         "pos": [
            366.4200134277344,
            264.0,
            -133.27000427246094
         ],
         "rot": [
            0.0,
            0.0,
            0.0
         ],
         "scale": [
            1.0,
            1.0,
            1.0
         ],
         "Flags": true,
         "filepath": "data/MODEL/STAGEOBJ/decoration1.x"
      },
      {
         "idx": 1,
         "pos": [
            618.6900024414063,
            150.0,
            -233.5500030517578
         ],
         "rot": [
            0.0,
            0.0,
            0.0
         ],
         "scale": [
            1.0,
            1.0,
            1.0
         ],
         "Flags": true,
         "filepath": "data/MODEL/STAGEOBJ/shredder(RED)frame.x"
      },
      {
         "idx": 2,
         "pos": [
            18.829999923706055,
            0.0,
            -209.67999267578125
         ],
         "rot": [
            0.0,
            0.0,
            0.0
         ],
         "scale": [
            1.0,
            1.0,
            1.0
         ],
         "Flags": true,
         "filepath": "data/MODEL/STAGEOBJ/decoration1.x"
      }
   ]
}
